professor,lattes
Adriano B L Tort,http://lattes.cnpq.br/3181888189086405
Gustavo A Souza,http://lattes.cnpq.br/1012629455821774
João Paulo M S Lima,http://lattes.cnpq.br/3289758851760692
Jorge E S Souza,http://lattes.cnpq.br/8058577659019910
José M Ortega,http://lattes.cnpq.br/1919128137338097
João E Ferreira,http://lattes.cnpq.br/0131770792108992
Katia C Scortecci,http://lattes.cnpq.br/4808910380593455
Lucymara F A Lima,http://lattes.cnpq.br/1083882171718362
Marcelo A C Fernandes,http://lattes.cnpq.br/3475337353676349
Marcos R Costa,http://lattes.cnpq.br/6118493598074445
Marilene H Vainstein,http://lattes.cnpq.br/1152828531273019
Renan Cipriano Moioli,http://lattes.cnpq.br/3898958813303048
Rita Maria C Almeida,http://lattes.cnpq.br/4672766298301524
Rodrigo J S Dalmolin,http://lattes.cnpq.br/4065178015615979
Sandro José de Souza,http://lattes.cnpq.br/8479967495464590
Sidarta T G Ribeiro,http://lattes.cnpq.br/0649912135067700
Silvia R B Medeiros,http://lattes.cnpq.br/5882662534904226
Tetsu Sakamoto,http://lattes.cnpq.br/1342530085695810
Thaís G. Rêgo,http://lattes.cnpq.br/3166390632199101
Tirzah Braz Petta Lajus,http://lattes.cnpq.br/9579151361576173
Umberto L Fulco,http://lattes.cnpq.br/9579151361576173
Vinicius R. H. M. Coutinho,http://lattes.cnpq.br/5684206147354858
Wilfredo B. Figuerola,http://lattes.cnpq.br/9912829629195282
